[{"password":"parolaAna","games":[],"email":"ana@example.com","points":-30},{"password":"parolaMihai","games":[],"email":"mihai@example.com","points":45},{"password":"parolaIoana","games":[],"email":"ioana@example.com","points":300},{"password":"parolaGeorge","games":[],"email":"george@example.com","points":75},{"password":"parolaAndrei","games":[],"email":"andrei@example.com","points":10},{"password":"parolaElena","games":[],"email":"elena@example.com","points":0},{"password":"parolaRoxana","games":[],"email":"roxana@example.com","points":210},{"password":"parolaVlad","games":[],"email":"vlad@example.com","points":15},{"password":"baga","games":[],"email":"gaba","points":811},{"password":"baga","games":[1],"email":"gaba","points":0},{"password":"bagagaba","games":[],"email":"gab@gmail.com","points":-150}]