[{"players":[{"color":"WHITE","email":"gabi"},{"color":"BLACK","email":"Computer"}],"moves":[{"playerColor":"WHITE","from":"E2","to":"E3"},{"playerColor":"BLACK","from":"D7","to":"D5"}],"id":1,"currentPlayerColor":"WHITE","board":[{"color":"WHITE","position":"A1","type":"R"},{"color":"WHITE","position":"B1","type":"N"},{"color":"WHITE","position":"C1","type":"B"},{"color":"WHITE","position":"D1","type":"Q"},{"color":"WHITE","position":"E1","type":"K"},{"color":"WHITE","position":"F1","type":"B"},{"color":"WHITE","position":"G1","type":"N"},{"color":"WHITE","position":"H1","type":"R"},{"color":"WHITE","position":"A2","type":"P"},{"color":"WHITE","position":"B2","type":"P"},{"color":"WHITE","position":"C2","type":"P"},{"color":"WHITE","position":"D2","type":"P"},{"color":"WHITE","position":"F2","type":"P"},{"color":"WHITE","position":"G2","type":"P"},{"color":"WHITE","position":"H2","type":"P"},{"color":"WHITE","position":"E3","type":"P"},{"color":"BLACK","position":"D5","type":"P"},{"color":"BLACK","position":"A7","type":"P"},{"color":"BLACK","position":"B7","type":"P"},{"color":"BLACK","position":"C7","type":"P"},{"color":"BLACK","position":"E7","type":"P"},{"color":"BLACK","position":"F7","type":"P"},{"color":"BLACK","position":"G7","type":"P"},{"color":"BLACK","position":"H7","type":"P"},{"color":"BLACK","position":"A8","type":"R"},{"color":"BLACK","position":"B8","type":"N"},{"color":"BLACK","position":"C8","type":"B"},{"color":"BLACK","position":"D8","type":"Q"},{"color":"BLACK","position":"E8","type":"K"},{"color":"BLACK","position":"F8","type":"B"},{"color":"BLACK","position":"G8","type":"N"},{"color":"BLACK","position":"H8","type":"R"}]},{"players":[{"color":"WHITE","email":"Computer"},{"color":"BLACK","email":"gabi"}],"moves":[{"playerColor":"WHITE","from":"F2","to":"F3"},{"playerColor":"BLACK","from":"E7","to":"E5"},{"playerColor":"WHITE","from":"D2","to":"D3"}],"id":2,"currentPlayerColor":"WHITE","board":[{"color":"WHITE","position":"A1","type":"R"},{"color":"WHITE","position":"B1","type":"N"},{"color":"WHITE","position":"C1","type":"B"},{"color":"WHITE","position":"D1","type":"Q"},{"color":"WHITE","position":"E1","type":"K"},{"color":"WHITE","position":"F1","type":"B"},{"color":"WHITE","position":"G1","type":"N"},{"color":"WHITE","position":"H1","type":"R"},{"color":"WHITE","position":"A2","type":"P"},{"color":"WHITE","position":"B2","type":"P"},{"color":"WHITE","position":"C2","type":"P"},{"color":"WHITE","position":"E2","type":"P"},{"color":"WHITE","position":"G2","type":"P"},{"color":"WHITE","position":"H2","type":"P"},{"color":"WHITE","position":"D3","type":"P"},{"color":"WHITE","position":"F3","type":"P"},{"color":"BLACK","position":"E5","type":"P"},{"color":"BLACK","position":"A7","type":"P"},{"color":"BLACK","position":"B7","type":"P"},{"color":"BLACK","position":"C7","type":"P"},{"color":"BLACK","position":"D7","type":"P"},{"color":"BLACK","position":"F7","type":"P"},{"color":"BLACK","position":"G7","type":"P"},{"color":"BLACK","position":"H7","type":"P"},{"color":"BLACK","position":"A8","type":"R"},{"color":"BLACK","position":"B8","type":"N"},{"color":"BLACK","position":"C8","type":"B"},{"color":"BLACK","position":"D8","type":"Q"},{"color":"BLACK","position":"E8","type":"K"},{"color":"BLACK","position":"F8","type":"B"},{"color":"BLACK","position":"G8","type":"N"},{"color":"BLACK","position":"H8","type":"R"}]},{"players":[{"color":"WHITE","email":"gabi"},{"color":"BLACK","email":"Computer"}],"moves":[{"playerColor":"WHITE","from":"C2","to":"C4"},{"playerColor":"BLACK","from":"E7","to":"E6"},{"playerColor":"WHITE","from":"D2","to":"D4"},{"playerColor":"BLACK","from":"D8","to":"E7"},{"playerColor":"WHITE","from":"D4","to":"D5"},{"playerColor":"BLACK","from":"E7","to":"G5"},{"captured":{"color":"BLACK","type":"P"},"playerColor":"WHITE","from":"D5","to":"E6"},{"playerColor":"BLACK","from":"G5","to":"H6"},{"playerColor":"WHITE","from":"C1","to":"G5"},{"captured":{"color":"WHITE","type":"P"},"playerColor":"BLACK","from":"D7","to":"E6"},{"playerColor":"WHITE","from":"D1","to":"D8"}],"id":3,"currentPlayerColor":"WHITE","board":[{"color":"WHITE","position":"A1","type":"R"},{"color":"WHITE","position":"B1","type":"N"},{"color":"WHITE","position":"E1","type":"K"},{"color":"WHITE","position":"F1","type":"B"},{"color":"WHITE","position":"G1","type":"N"},{"color":"WHITE","position":"H1","type":"R"},{"color":"WHITE","position":"A2","type":"P"},{"color":"WHITE","position":"B2","type":"P"},{"color":"WHITE","position":"E2","type":"P"},{"color":"WHITE","position":"F2","type":"P"},{"color":"WHITE","position":"G2","type":"P"},{"color":"WHITE","position":"H2","type":"P"},{"color":"WHITE","position":"C4","type":"P"},{"color":"WHITE","position":"G5","type":"B"},{"color":"BLACK","position":"E6","type":"P"},{"color":"BLACK","position":"H6","type":"Q"},{"color":"BLACK","position":"A7","type":"P"},{"color":"BLACK","position":"B7","type":"P"},{"color":"BLACK","position":"C7","type":"P"},{"color":"BLACK","position":"F7","type":"P"},{"color":"BLACK","position":"G7","type":"P"},{"color":"BLACK","position":"H7","type":"P"},{"color":"BLACK","position":"A8","type":"R"},{"color":"BLACK","position":"B8","type":"N"},{"color":"BLACK","position":"C8","type":"B"},{"color":"WHITE","position":"D8","type":"Q"},{"color":"BLACK","position":"E8","type":"K"},{"color":"BLACK","position":"F8","type":"B"},{"color":"BLACK","position":"G8","type":"N"},{"color":"BLACK","position":"H8","type":"R"}]},{"players":[{"color":"WHITE","email":"Computer"},{"color":"BLACK","email":"gab"}],"moves":[{"playerColor":"WHITE","from":"H2","to":"H3"},{"playerColor":"BLACK","from":"D7","to":"D5"},{"playerColor":"WHITE","from":"H1","to":"H2"},{"playerColor":"BLACK","from":"E7","to":"E6"},{"playerColor":"WHITE","from":"D2","to":"D3"},{"playerColor":"BLACK","from":"E6","to":"E5"},{"playerColor":"WHITE","from":"C2","to":"C3"},{"playerColor":"BLACK","from":"D5","to":"D4"},{"playerColor":"WHITE","from":"A2","to":"A3"},{"captured":{"color":"WHITE","type":"P"},"playerColor":"BLACK","from":"D4","to":"C3"},{"playerColor":"WHITE","from":"D3","to":"D4"},{"captured":{"color":"WHITE","type":"P"},"playerColor":"BLACK","from":"C3","to":"B2"},{"playerColor":"WHITE","from":"A3","to":"A4"},{"captured":{"color":"WHITE","type":"R"},"playerColor":"BLACK","from":"B2","to":"A1"},{"playerColor":"WHITE","from":"D1","to":"B3"},{"captured":{"color":"WHITE","type":"P"},"playerColor":"BLACK","from":"D8","to":"D4"},{"playerColor":"WHITE","from":"C1","to":"A3"},{"captured":{"color":"WHITE","type":"B"},"playerColor":"BLACK","from":"F8","to":"A3"},{"playerColor":"WHITE","from":"B3","to":"C3"},{"captured":{"color":"WHITE","type":"Q"},"playerColor":"BLACK","from":"D4","to":"C3"},{"playerColor":"WHITE","from":"E1","to":"D1"},{"playerColor":"BLACK","from":"C3","to":"C1"}],"id":4,"currentPlayerColor":"BLACK","board":[{"color":"BLACK","position":"A1","type":"P"},{"color":"WHITE","position":"B1","type":"N"},{"color":"BLACK","position":"C1","type":"Q"},{"color":"WHITE","position":"D1","type":"K"},{"color":"WHITE","position":"F1","type":"B"},{"color":"WHITE","position":"G1","type":"N"},{"color":"WHITE","position":"E2","type":"P"},{"color":"WHITE","position":"F2","type":"P"},{"color":"WHITE","position":"G2","type":"P"},{"color":"WHITE","position":"H2","type":"R"},{"color":"BLACK","position":"A3","type":"B"},{"color":"WHITE","position":"H3","type":"P"},{"color":"WHITE","position":"A4","type":"P"},{"color":"BLACK","position":"E5","type":"P"},{"color":"BLACK","position":"A7","type":"P"},{"color":"BLACK","position":"B7","type":"P"},{"color":"BLACK","position":"C7","type":"P"},{"color":"BLACK","position":"F7","type":"P"},{"color":"BLACK","position":"G7","type":"P"},{"color":"BLACK","position":"H7","type":"P"},{"color":"BLACK","position":"A8","type":"R"},{"color":"BLACK","position":"B8","type":"N"},{"color":"BLACK","position":"C8","type":"B"},{"color":"BLACK","position":"E8","type":"K"},{"color":"BLACK","position":"G8","type":"N"},{"color":"BLACK","position":"H8","type":"R"}]},{"players":[{"color":"WHITE","email":"Computer"},{"color":"BLACK","email":"gabi"}],"moves":[{"playerColor":"WHITE","from":"B2","to":"B3"}],"id":5,"currentPlayerColor":"BLACK","board":[{"color":"WHITE","position":"A1","type":"R"},{"color":"WHITE","position":"B1","type":"N"},{"color":"WHITE","position":"C1","type":"B"},{"color":"WHITE","position":"D1","type":"Q"},{"color":"WHITE","position":"E1","type":"K"},{"color":"WHITE","position":"F1","type":"B"},{"color":"WHITE","position":"G1","type":"N"},{"color":"WHITE","position":"H1","type":"R"},{"color":"WHITE","position":"A2","type":"P"},{"color":"WHITE","position":"C2","type":"P"},{"color":"WHITE","position":"D2","type":"P"},{"color":"WHITE","position":"E2","type":"P"},{"color":"WHITE","position":"F2","type":"P"},{"color":"WHITE","position":"G2","type":"P"},{"color":"WHITE","position":"H2","type":"P"},{"color":"WHITE","position":"B3","type":"P"},{"color":"BLACK","position":"A7","type":"P"},{"color":"BLACK","position":"B7","type":"P"},{"color":"BLACK","position":"C7","type":"P"},{"color":"BLACK","position":"D7","type":"P"},{"color":"BLACK","position":"E7","type":"P"},{"color":"BLACK","position":"F7","type":"P"},{"color":"BLACK","position":"G7","type":"P"},{"color":"BLACK","position":"H7","type":"P"},{"color":"BLACK","position":"A8","type":"R"},{"color":"BLACK","position":"B8","type":"N"},{"color":"BLACK","position":"C8","type":"B"},{"color":"BLACK","position":"D8","type":"Q"},{"color":"BLACK","position":"E8","type":"K"},{"color":"BLACK","position":"F8","type":"B"},{"color":"BLACK","position":"G8","type":"N"},{"color":"BLACK","position":"H8","type":"R"}]}]